Brend:,Qurğunun növü:,Seriya:,Form-faktor:,SİM kartının növü:,"Ekranın diaqonalı, düym:",Operativ yaddaşın həcmi:,"Ekranın qətnaməsi, Mp:",Yaddaşın əsas həcmi:,Ekran texnologiyası:,Prosessor:,Prosessorun nüvələr sayı:,Daxili yaddaş həcmi:,Yaddaş kartlarının dəstəklənməsi:,Yaddaş kartları üçün yuvalar:,"Əsas kamera, Mp:","Əsas kamera dəsti, Mp:","Ön kamera, Mp:",Wi-Fi standartı:,Bluetooth standartı:,Qoşulma portu:,Simsiz enerji toplama:,Korpusun qorunması:,"Akkumulyatorun həcmi, mA/saat:",Rabitə standartları:,Digər funksiyalar və xüsusiyyətlər:,Bazarın başlanğıc ili:,İstehsalçı ölkə:,Brendin ölkəsi:,Komplektasiya:,Rəng:,Korpusun materialı:,"Hündürlüyü, mm:","Çəki, q:","Qalınlığı, mm:","Eni, mm:",Price
Nokia,Mobil telefon,Nokia 106,Monoblok,Mini-SIM,1.8,,160 x 120,4 Mb,TFT,,,1 Gb qədər,Xeyr,,,,,,,MicroUSB,Xeyr,,3000 qədər,2G,Fənər,2018.0,Vyetnam,,,Boz,Plastik,111.2,70.2,14.4,49.5,50.32
Hope,Mobil telefon,Hope V,Monoblok,Mini-SIM,1.77,,160 x 128,16 Mb,LCD,,,1 Gb qədər,Bəli,microSD,5 Mp qədər,2,,,,MicroUSB,Xeyr,,,2G,,,Çin,Çin,SmartfonAkkumulyatorAdapterÇexol,Qara,Metal,129.0,130.0,18.0,44,96.39
Nokia,Mobil telefon,Nokia 105,Monoblok,SIM,1,,160 x 128,,TFT,,,1 Gb qədər,Xeyr,Yoxdur,,,,Xeyr,,MicroUSB,Xeyr,,3000 qədər,2G,Fənər,2019.0,,,,Qara,Plastik,119.0,73.0,14.0,49,53.0
Nokia,Mobil telefon,Nokia 105,Monoblok,Mini-SIM,1.77,1 Gb qədər,160 x 120,,TFT,,,,Bəli,microSD,,,,,4.0,MicroUSB,Xeyr,,3000 qədər,2G,Fənər,2019.0,Finlandiya,,,Qara,Plastik,112.0,73.0,14.4,49.5,39.27
INOI,Mobil telefon,INOI 288S,Slayder,Mini-SIM,2,,160 x 128,,IPS,,,,Bəli,microSD,5 Mp qədər,,,,,MicroUSB,Xeyr,,3000 qədər,2G,,,Çin,Rusiya,Smartfon,Qara,Metal,115.0,168.0,16.0,49,89.1
INOI,Mobil telefon,,Slayder,Mini-SIM,2,,,,IPS,,,,Bəli,microSDmicroSDHC,5 Mp qədər,0.3,,,,MicroUSB,Xeyr,,3000 qədər,2G,,2020.0,Çin,Rusiya,SmartfonAdapter,Boz,Metal,115.0,168.0,16.0,49,89.1
Hope,Mobil telefon,Hope SQ,Monoblok,Mini-SIM,1.77,,160 x 128,16 Mb,LCD,,,1 Gb qədər,Bəli,microSD,5 Mp qədər,2,,,3.0,MicroUSB,Xeyr,Toza davamlı,6000 və yuxarı,2G,FənərPower BankToza qarşı müdafiə,,Çin,Çin,SmartfonAkkumulyatorAdapterAntennaÇexol,Qara,Plastik,128.0,90.0,30.0,59,78.52
F+,Mobil telefon,F+ F197,Monoblok,Mini-SIM,1.77,,160 x 128,32 Mb,TFT,,,1 Gb qədər,Bəli,microSD,,,,,2.0,MicroUSB,Xeyr,,3000 qədər,2G,Fənər,,Çin,Çin,SmartfonTəlimatAdapter,Qara,Plastik,114.0,70.0,13.0,48,27.0
Nokia,Mobil telefon,Nokia 3310,Monoblok,Nano-SIM,2.4,1 Gb qədər,320 x 240,,TFT,,1.0,,Bəli,microSD,5 Mp qədər,2,,,3.0,MicroUSB,Xeyr,,3000 qədər,2G,Fənər,2019.0,Vyetnam,Finlandiya,SmartfonAdapterZəmanət kartıTəlimat,Boz,Plastik,115.6,78.0,12.8,51,124.3
SQ,Mobil telefon,SQ 8700,Monoblok,,2.4,,,,,,,,Bəli,microSD,,,,,,,Xeyr,,3000 qədər,,Fənər,,Çin,Çin,Smartfon,Qara,,,,,,85.0
Samsung,Mobil telefon,Samsung B310E,Monoblok,Mini-SIM,2,,128 x 160,64 Mb,TFT,,,1 Gb qədər,Bəli,,,,,,,,Xeyr,,3000 qədər,,,,,,SmartfonTəlimat,Göy,Plastik,113.0,65.0,13.0,46,60.0
Geecoo,Mobil telefon,,,Nano-SIMMicro-SIM,2.4,1 Gb qədər,320 x 240,,IPS,,1.0,,Bəli,microSD,5 Mp qədər,,,,5.0,,Xeyr,,3000 qədər,2G,Fənər,2019.0,Çin,Çin,,Qara,,,,,,79.0
Hope,Mobil telefon,Hope K30,Monoblok,,,,,,,,,,Bəli,,,,,,,,,,3000 qədər,,Fənər,,Çin,Çin,Smartfon,Qara,,,,,,69.9
Itel,Mobil telefon,Itel IT2163,Monoblok,Mini-SIM,1.77,,160 x 128,32 Mb,TFT,,,1 Gb qədər,Bəli,microSD,,,,,2.1,MicroUSB,Xeyr,,3000 qədər,2G,Fənər,,Çin,Çin,SmartfonTəlimatAdapter,Göy,Plastik,114.0,75.7,14.3,49,25.9
Nokia,Mobil telefon,Nokia 105,Monoblok,Nano-SIM,1.77,1 Gb qədər,320 x 240,,TFT,,1.0,,Bəli,microSD,,,,,,MicroUSB,Xeyr,,3000 qədər,2G,Fənər,2019.0,Çin,Finlandiya,SmartfonAdapterZəmanət kartıTəlimat,Çəhrayı,Plastik,119.0,74.0,14.4,49.2,68.6
KGTEL,Mobil telefon,Kgtel KG1280,Monoblok,Mini-SIM,1.4,,128 x 64,16 Mb,LCD,,,1 Gb qədər,Bəli,microSD,,,,,,MicroUSB,Xeyr,,3000 qədər,2G,,,Çin,Çin,SmartfonAkkumulyatorAdapter,Qara,Plastik,107.0,80.0,15.0,45,24.94
Hope,Mobil telefon,Hope SQ,Monoblok,Mini-SIM,2.4,,320 x 240,,LCD,,,1 Gb qədər,Bəli,microSD,5 Mp qədər,1.3,,,,MicroUSB,Xeyr,,,2G,FənərPower Bank,,Çin,Çin,SmartfonAkkumulyatorAdapterAntennaÇexol,Qara,Plastik,140.0,150.0,27.0,64,89.1
Geecoo,Mobil telefon,Geecoo Mini 2,Monoblok,Nano-SIMMicro-SIM,1.54,1 Gb qədər,240 x 240,32 Mb,IPS,,1.0,1 Gb qədər,Bəli,microSD,,,,,2.0,MicroUSB,Xeyr,,3000 qədər,2G,Fənər,2019.0,Çin,Çin,TəlimatKabel,Qara,,113.0,70.8,5.6,47.9,89.0
Samsung,Mobil telefon,Samsung GT-E1207,Monoblok,Mini-SIM,1.52,,128 x 128,,TFT,,,,,,,,,,,,Xeyr,,3000 qədər,2G,,,Çin,Cənubi Koreya,SmartfonAkkumulyatorAdapterQulaqlıq,Qara,Plastik,108.0,66.0,13.5,45,49.0
Itel,Mobil telefon,Itel IT2163,Monoblok,Mini-SIM,1.77,,160 x 128,32 Mb,TFT,,,1 Gb qədər,Bəli,microSD,,,,,2.1,MicroUSB,Xeyr,,3000 qədər,2G,Fənər,,Çin,Çin,SmartfonTəlimatAdapter,Qara,Plastik,114.0,75.7,14.3,49,25.9
Nokia,Mobil telefon,Nokia 5310,Monoblok,Mini-SIM,2.4,1 Gb qədər,320 x 240,16 Mb,TN,,1.0,1 Gb qədər,Bəli,microSD,5 Mp qədər,0.3,,Xeyr,3.0,MicroUSB,Xeyr,,3000 qədər,2G,Fənər,2020.0,Vyetnam,,,QaraQırmızı,Plastik,123.7,88.0,13.1,52.4,75.0
Kgtel,Mobil telefon,,Monoblok,,1.77,,,,,MediaTek MT6261D,,,,,,,,,,,Xeyr,Toza davamlı,3000 qədər,2G,,,Çin,Çin,,Qara,Plastik,,,,,29.5
Geecoo,Mobil telefon,,,Nano-SIMMicro-SIM,2.4,1 Gb qədər,320 x 240,,IPS,,1.0,,Bəli,microSD,5 Mp qədər,,,,5.0,,Xeyr,,3000 qədər,2G,Fənər,2019.0,Çin,Çin,,Qızılı,,,,,,79.0
Hope,Mobil telefon,Hope BM310,Monoblok,,,,,,,,,,Bəli,microSD,,,,,,,Xeyr,,3000 qədər,,,,Çin,Çin,Təlimat,Qara,,,,,,39.0
Nokia,Mobil telefon,Nokia 230,Monoblok,Mini-SIM,2.8,1 Gb qədər,320 x 240,32 Mb,TFT,,1.0,1 Gb qədər,Bəli,microSDmicroSD,5 Mp qədər,2,,Xeyr,3.0,MicroUSB,Xeyr,,3000 qədər,2G,Fənər,2015.0,Vyetnam,,,Qara,MetalPlastik,124.6,91.8,10.9,53.4,158.0
Nokia,Mobil telefon,Nokia 215,Monoblok,Nano-SIM,2.4,1 Gb qədər,320 x 240,64 Mb,TN,,1.0,1 Gb qədər,Bəli,microSD,,,,,5.0,MicroUSB,Xeyr,,3000 qədər,2G,Fənər,2020.0,Vyetnam,Finlandiya,SmartfonAdapterZəmanət kartıTəlimat,Firuzəyi,Plastik,124.7,90.0,13.7,51,89.0
SQ,Mobil telefon,SQ SQ7700s,Monoblok,Mini-SIMSIM,2.4,1 Gb qədər,240 x 320,32 Mb,,,,32 Gb,Xeyr,Yoxdur,5 Mp qədər,0.3,,,,,Xeyr,,,,,,Çin,Çin,,Qara,,,,,,58.59
SQ,Mobil telefon,SQ 90,Monoblok,,,,,,,,,,Bəli,,,,,,,,Xeyr,,,,,,Çin,Çin,SmartfonTəlimat,Qara,Plastik,,,,,59.5
Nokia,Mobil telefon,Nokia 150,Monoblok,Mini-SIM,2.4,,320 x 240,,TFT,,,,Bəli,microSD,5 Mp qədər,0.3,,,3.0,MicroUSB,Xeyr,,3000 qədər,2G,Fənər,2016.0,Vyetnam,,,Qara,Plastik,118.0,81.0,13.5,52,116.5
INOI,Mobil telefon,,Monoblok,Mini-SIM,2.4,,,,,,,,Bəli,microSD,5 Mp qədər,0.3,,,2.1,MicroUSB,Xeyr,,3000 qədər,2G,Fənər,2019.0,Çin,Rusiya,SmartfonAdapter,Boz,Metal,121.6,111.0,11.3,49,69.0
SQ,Mobil telefon,SQ 91,Monoblok,,,,,,,,,,Bəli,,5 Mp qədər,,,,,,Xeyr,,6000 və yuxarı,,,,Çin,Çin,SmartfonTəlimat,Qara,Plastik,,,,,59.0
No Brand,Mobil telefon,,Monoblok,Nano-SIM,0.66,,64 x 48,,OLED,,,,Bəli,microSD,,,,,3.0,,Xeyr,,3000 qədər,,,,,,,Qara,,67.0,,12.4,27.8,29.64
Hope,Mobil telefon,,Monoblok,,2.4,1 Gb qədər,,32 Mb,,,,1 Gb qədər,Bəli,microSD,,,,,,MicroUSB,Xeyr,,,2G,,,Çin,Çin,Zəmanət kartıTəlimat,Qara,,,,,,69.0
KGTEL,Mobil telefon,Kgtel 5310s,Monoblok,,,,,,,,,,Bəli,,,,,,,,Xeyr,,3000 qədər,,,,Çin,Çin,SmartfonTəlimat,Qara,Plastik,,,,,53.5
INOI,Mobil telefon,,Monoblok,Mini-SIM,2.4,,,,,,,,Bəli,microSD,5 Mp qədər,0.3,,,2.1,MicroUSB,Xeyr,,3000 qədər,2G,Fənər,2019.0,Çin,Rusiya,SmartfonAdapter,Qara,Metal,121.6,111.0,11.3,49,65.53
SQ,Mobil telefon,SQ 93 mini,Monoblok,Mini-SIM,,,,,,,,,Bəli,,,,,,,,Xeyr,,6000 və yuxarı,,,,Çin,Çin,SmartfonTəlimat,Qara,Plastik,,,,,69.0
No Brand,Mobil telefon,M1 BM002,Monoblok,,,,,,,,,,,,,,,,5.0,MicroUSBUSB-A,,Toza davamlı,3000 qədər,,,,Çin,,SmartfonQulaqlıqKabelTəlimat,Ağ,,85.0,,25.0,35,84.6
Hope,Mobil telefon,Hope V5,Monoblok,,,,,,,,,,,,,,,,,,Xeyr,,3000 qədər,,,,Çin,Çin,,Qızılı,Metal,,,,,49.35
Hope,Mobil telefon,Hope SQ,Monoblok,Mini-SIM,1.77,,160 x 128,16 Mb,LCD,,,1 Gb qədər,Bəli,microSD,5 Mp qədər,1.3,,,,MicroUSB,Xeyr,,,2G,Fənər,,Çin,Çin,SmartfonAkkumulyatorAdapterÇexol,Qara,Plastik,118.0,90.0,18.0,54,58.8
Nokia,Mobil telefon,Nokia 150,Monoblok,Mini-SIM,2.4,,320 x 240,4 Mb,TFT,,,1 Gb qədər,Bəli,microSD,5 Mp qədər,0.3,,,3.0,MicroUSB,Xeyr,,3000 qədər,2G,Fənər,2020.0,Vyetnam,Finlandiya,SmartfonAkkumulyatorAdapterQulaqlıq,Qara,Plastik,132.0,90.5,15.0,50.5,114.3
Itel,Mobil telefon,Itel IT2163,Monoblok,Mini-SIM,1.77,1 Gb qədər,160 x 128,32 Mb,TFT,,,1 Gb qədər,Bəli,microSD,,,,Xeyr,2.1,MicroUSB,Xeyr,,3000 qədər,2G,Fənər,,Çin,Çin,,Göy,Plastik,114.0,75.7,14.3,49,29.0
Nokia,Mobil telefon,Nokia 125,Monoblok,Nano-SIM,2.4,,320х240,4 Mb,TFT,,1.0,1 Gb qədər,Xeyr,Yoxdur,5 Mp qədər,0.3,,,,,Xeyr,Toza davamlı,3000 qədər,2G,Fənər,2020.0,Vyetnam,Finlandiya,SmartfonAdapterTəlimatZəmanət kartı,Ağ,Plastik,132.0,91.3,15.0,50.5,72.73
Fly,Mobil telefon,F+ S240,Monoblok,,2.4,,320 x 240,,TFT,,,,Bəli,microSDHC,5 Mp qədər,0.3,,,,MicroUSB,Xeyr,,3000 qədər,,,,Çin,Böyük Britaniya,SmartfonZəmanət kartıTəlimat,Boz,Plastik,126.4,104.0,9.8,53.3,48.02
Geecoo,Mobil telefon,Geecoo Smart 1,Monoblok,Micro-SIM,1.54,1 Gb qədər,240 x 240,32 Mb,,,,1 Gb qədər,Bəli,microSD,,,,,2.1,MicroUSB,Xeyr,,3000 qədər,2G,,,Çin,Çin,TəlimatKabel,Qızılı,,120.0,66.6,7.2,45.1,79.0
Geecoo,Mobil telefon,Geecoo Smart 1,Monoblok,Micro-SIM,1.54,1 Gb qədər,240 x 240,32 Mb,,,,1 Gb qədər,Bəli,microSD,,,,,2.1,MicroUSB,Xeyr,,3000 qədər,2G,,,Çin,Çin,TəlimatKabel,Qara,,120.0,66.6,7.2,45.1,79.0
Nokia,Mobil telefon,Nokia 6310,Monoblok,Mini-SIM,2.8,1 Gb qədər,320 x 240,16 Mb,TFT,Spreadtrum SC6531F,,1 Gb qədər,Bəli,microSD,5 Mp qədər,0.3,,,,MicroUSB,Xeyr,,3000 qədər,2G,Fənər,2021.0,Çin,Finlandiya,SmartfonAdapterZəmanət kartıTəlimat,Qara,Plastik,135.5,105.0,14.0,56,124.3
Hope,Mobil telefon,Hope SQ,Monoblok,Mini-SIM,1.77,,160 x 128,16 Mb,LCD,,,1 Gb qədər,Bəli,microSD,5 Mp qədər,1.3,,,,MicroUSB,Xeyr,,,2G,FənərPower Bank,,Çin,Çin,SmartfonAkkumulyatorAdapterAntenna,Qara,Plastik,124.0,110.0,26.0,57,58.75
Nokia,Mobil telefon,Nokia 6310,Monoblok,Mini-SIM,2.8,1 Gb qədər,320 x 240,16 Mb,TFT,Spreadtrum SC6531F,,1 Gb qədər,Bəli,microSD,5 Mp qədər,0.3,,,,MicroUSB,Xeyr,,3000 qədər,2G,Fənər,2021.0,Çin,Finlandiya,SmartfonAdapterZəmanət kartıTəlimat,Yaşıl,Plastik,135.5,105.0,14.0,56,124.3
Nokia,Mobil telefon,Nokia 225,Monoblok,Nano-SIM,2.4,1 Gb qədər,320 x 240,64 Mb,TN,,1.0,1 Gb qədər,Bəli,microSD,5 Mp qədər,0.3,,,5.0,MicroUSB,Xeyr,,3000 qədər,3GLTE,Fənər,2020.0,Vyetnam,Finlandiya,SmartfonAdapterZəmanət kartıTəlimat,Qızılı,Plastik,124.7,90.0,13.7,51,109.0
Nokia,Mobil telefon,Nokia 5310,Monoblok,Mini-SIM,2.4,1 Gb qədər,320 x 240,16 Mb,TFT,,,1 Gb qədər,Bəli,microSD,5 Mp qədər,0.3,,,3.0,MicroUSB,Xeyr,,3000 qədər,2G,Fənər,,Vyetnam,Finlandiya,SmartfonAkkumulyatorAdapterQulaqlıq,Qara,Plastik,123.7,88.2,13.1,52.4,68.0
Nokia,Mobil telefon,Nokia 225,Monoblok,Nano-SIM,2.4,1 Gb qədər,320 x 240,,TN,,1.0,64 Gb,Bəli,microSD,5 Mp qədər,0.3,,,5.0,MicroUSB,Xeyr,,3000 qədər,LTE,Fənər,2020.0,Vyetnam,Finlandiya,SmartfonBatareyaAdapter,Göy,Plastik,124.7,90.0,13.7,51,97.0
F+,Mobil telefon,F+ S350,Monoblok,Mini-SIM,3.5,,480 х 320,,TFT,,,,Bəli,microSD,5 Mp qədər,,,,2.1,MicroUSB,Xeyr,,3000 qədər,2G,Fənər,,Çin,Çin,SmartfonEnerji toplama cihazZəmanət kartıTəlimat,Boz,Plastik,149.0,127.0,10.8,64.4,61.4
Nokia,Mobil telefon,Nokia 150,Monoblok,Mini-SIM,2.4,,320х240,,TFT,,1.0,1 Gb qədər,Bəli,microSD,5 Mp qədər,0.3,,,3.0,MicroUSB,Xeyr,Toza davamlı,3000 qədər,2G,Fənər,2020.0,Vyetnam,Finlandiya,SmartfonAdapterTəlimatZəmanət kartı,Yaşıl,Plastik,132.0,91.0,15.0,50.5,116.5
Fly,Mobil telefon,F+ S286,Monoblok,Mini-SIM,2.8,,,,TFT,,,,Bəli,microSDHC,5 Mp qədər,0.3,,,,MicroUSB,Xeyr,,3000 qədər,2G,,,Çin,Böyük Britaniya,SmartfonZəmanət kartıTəlimat,Gümüşü,Plastik,134.8,117.0,9.5,57,68.6
Nobby,Mobil telefon,Nobby 170B,Monoblok,Micro-SIM,2.4,1 Gb qədər,128х160,32 Mb,TFT,,,1 Gb qədər,Bəli,microSD,5 Mp qədər,0.8,,Bəli,2.1,MicroUSB,,,3000 qədər,3G,3G,,Çin,Çin,,Qara,Plastik,124.2,73.0,14.2,52.2,87.22
Nokia,Mobil telefon,Nokia 210,Monoblok,Nano-SIM,2.4,1 Gb qədər,320 x 240,,TFT,,1.0,,Bəli,microSD,5 Mp qədər,0.3,,,3.0,MicroUSB,Xeyr,,3000 qədər,2G,Fənər,2019.0,Vyetnam,Finlandiya,SmartfonAdapterZəmanət kartıTəlimat,Ağ,Plastik,120.8,99.5,13.81,53.49,86.0
Nokia,Mobil telefon,Nokia 6300,Monoblok,Nano-SIM,2.4,,320 x 240,4 Gb,TN,,1.0,4 Gb,Bəli,microSD,5 Mp qədər,0.3,,,4.0,MicroUSB,Xeyr,,3000 qədər,2G3GLTE,Fənər,2020.0,Vyetnam,Finlandiya,SmartfonAdapterZəmanət kartıTəlimat,Boz,Plastik,131.4,105.0,13.7,53,199.0
LONG-CZ,Mobil telefon,,Açılan,Micro-SIM,0.66,1 Gb qədər,,64 Mb,OLED,,,1 Gb qədər,,Yoxdur,,,,,3.0,,,,3000 qədər,2G,,,Çin,Çin,SmartfonKabel,Qara,,44.0,18.5,16.0,24,79.0
Nokia,Mobil telefon,Nokia 3310,Monoblok,Mini-SIM,2.4,,320 x 240,16 Mb,TFT,,1.0,1 Gb qədər,Bəli,microSDmicroSD,5 Mp qədər,2,,Xeyr,3.0,MicroUSB,Xeyr,,3000 qədər,2G,Fənər,2017.0,Vyetnam,,,Boz,Plastik,115.6,80.0,12.8,51,145.0
Nokia,Mobil telefon,Nokia 3310 DS,Monoblok,Mini-SIM,2.4,,240 x 320,,TFT,,,,Bəli,microSD,,,,,3.0,MicroUSB,Xeyr,,3000 qədər,,,,Çin,Finlandiya,SmartfonZəmanət kartıTəlimat,Göy,Plastik,115.5,85.0,12.0,55,145.0
Nokia,Mobil telefon,Nokia 215,Monoblok,Nano-SIM,2.4,64 Mb,320 x 240,128 Mb,TFT,,,1 Gb qədər,Bəli,microSD,,,,,5.0,MicroUSB,Xeyr,,3000 qədər,2G3GLTE,Fənər,2020.0,Vyetnam,Finlandiya,SmartfonBatareyaAdapter,Qara,Plastik,124.7,90.0,13.7,51,85.23
Nokia,Mobil telefon,Nokia 5310,Monoblok,Nano-SIM,2.4,1 Gb qədər,320 x 240,,TFT,,1.0,,Bəli,microSD,5 Mp qədər,0.3,,,3.0,MicroUSB,Xeyr,,3000 qədər,2G,Fənər,2020.0,Vyetnam,Finlandiya,SmartfonAdapterZəmanət kartıTəlimat,Qara,Plastik,123.7,88.0,13.1,52.4,109.0
Hope,Mobil telefon,Hope K19,Monoblok,,2.4,1 Gb qədər,,,,,,,,,5 Mp qədər,,,,,,Xeyr,,3000 qədər,2G,,,Çin,Çin,,Qara,,,300.0,,,68.25
Hope,Mobil telefon,Hope K37,Monoblok,,2.4,,,,,,,,,,,,,,,,Xeyr,,3000 qədər,,,,Çin,Çin,,Qara,PlastikRezin,,,,,65.0
Nokia,Mobil telefon,Nokia 210,Monoblok,Mini-SIM,2.4,,,16 Mb,TFT,,,1 Gb qədər,Bəli,,5 Mp qədər,0.3,,,,MicroUSB,,,3000 qədər,2G,,,Çin,Finlandiya,,Qırmızı,Plastik,120.8,,13.8,53.4,94.32
Hope,Mobil telefon,Hope Mini BM10,Monoblok,,0.66,,,,,,,,Bəli,microSD,,,,,,,Xeyr,,,2G,,,Çin,Çin,Smartfon,Qara,,67.0,,12.0,21,38.0
F+,Mobil telefon,F+ S350,Monoblok,Mini-SIM,3.5,,480 x 320,32 Mb,TFT,,,1 Gb qədər,Bəli,microSD,5 Mp qədər,,,,2.1,MicroUSB,Xeyr,Toza davamlı,3000 qədər,2G,Fənər,,Çin,Çin,SmartfonTəlimatAdapter,Boz,Metal,149.0,126.5,10.8,64.4,61.4
Hope,Mobil telefon,Hope K6,Monoblok,,,,,,,,,,,,,,,,,,Xeyr,,,,,,Çin,Çin,,Qızılı,Metal,,,,,128.8
Nokia,Mobil telefon,Nokia 5310,Monoblok,Mini-SIM,2.4,1 Gb qədər,320х240,,TN,,1.0,1 Gb qədər,Bəli,microSD,5 Mp qədər,0.3,,,3.0,MicroUSB,Xeyr,Toza davamlı,3000 qədər,2G,Fənər,2020.0,Vyetnam,Finlandiya,SmartfonAdapterTəlimatZəmanət kartı,QaraQırmızı,Plastik,123.7,88.0,13.1,52.4,109.0
Itel,Mobil telefon,Itel IT5250,Monoblok,Mini-SIM,2.4,64 Mb,320 x 240,64 Mb,TFT,,,1 Gb qədər,Bəli,microSD,5 Mp qədər,0.8,,,2.1,MicroUSB,Xeyr,,3000 qədər,2G,Fənər,,Çin,Çin,,Boz,Plastik,125.0,96.0,11.3,54,49.0
Itel,Mobil telefon,Itel IT5026 DS,Monoblok,,2.4,1 Gb qədər,240 x 320,32 Mb,,,,1 Gb qədər,Bəli,microSD,5 Mp qədər,0.3,,,2.1,MicroUSB,Xeyr,,3000 qədər,2G,Fənər,,Çin,Çin,Zəmanət kartıTəlimat,Yaşıl,Plastik,131.0,85.0,12.0,55,42.14
Nokia,Mobil telefon,Nokia 225,Monoblok,Nano-SIM,2.4,1 Gb qədər,320 x 240,64 Mb,TN,,1.0,1 Gb qədər,Bəli,microSD,5 Mp qədər,0.3,,,5.0,MicroUSB,Xeyr,,3000 qədər,3GLTE,Fənər,2020.0,Vyetnam,Finlandiya,SmartfonAdapterZəmanət kartıTəlimat,Qara,Plastik,124.7,90.0,13.7,51,107.89
KGTEL,Mobil telefon,Kgtel 1100,Monoblok,,,,,,,,,,Bəli,,,,,,,,Xeyr,,3000 qədər,,,,Çin,Çin,SmartfonTəlimat,Qara,Plastik,,,,,29.75
SQ,Mobil telefon,,Monoblok,,2.4,,,,,,,,Bəli,microSD,5 Mp qədər,,,,,,Xeyr,,6000 və yuxarı,,Fənər,,Çin,Çin,,Qara,,,,,,74.25
Itel,Mobil telefon,Itel IT5026 DS,Monoblok,,2.4,,240 x 320,,,,,,Bəli,microSD,5 Mp qədər,0.3,,,2.1,MicroUSB,Xeyr,,3000 qədər,2G,Fənər,,Çin,Çin,SmartfonZəmanət kartıTəlimat,Göy,Plastik,131.0,85.0,12.0,55,43.12
Nokia,Mobil telefon,Nokia 150,Monoblok,Mini-SIM,2.4,1 Gb qədər,320 x 240,4 Mb,TFT,,,1 Gb qədər,Bəli,microSD,5 Mp qədər,0.3,,,,MicroUSB,Xeyr,,3000 qədər,2G,Fənər,2020.0,Çin,Finlandiya,SmartfonAdapterZəmanət kartıTəlimat,Qırmızı,Plastik,132.0,90.0,15.0,51,85.0
INOI,Mobil telefon,,Monoblok,Mini-SIM,1.8,,160 x 128,32 Mb,TFT,,,1 Gb qədər,,,,,,,2.1,MicroUSB,Xeyr,,3000 qədər,2G,Fənər,2018.0,Çin,Rusiya,,Qara,Plastik,113.5,48.0,13.2,49.6,32.0
Nokia,Mobil telefon,Nokia 110,Monoblok,Mini-SIM,1.77,,160 x 120,4 Mb,TFT,,,1 Gb qədər,Bəli,microSD,5 Mp qədər,0.3,,,,MicroUSB,Xeyr,,3000 qədər,2G,Fənər,2019.0,Vyetnam,,,Qara,Plastik,115.2,75.0,14.3,49.9,70.0
Itel,Mobil telefon,Itel IT5250 DS,Monoblok,Mini-SIM,2.4,1 Gb qədər,320 x 240,32 Mb,TFT,,,1 Gb qədər,Bəli,microSD,5 Mp qədər,1.3,5 Mp qədər,Xeyr,2.1,MicroUSB,Xeyr,,3000 qədər,2G,Fənər,,Çin,Çin,,Mavi,Plastik,125.0,190.0,11.3,54,49.0
Itel,Mobil telefon,Itel IT5022,Monoblok,Mini-SIM,2.4,,320 x 240,4 Mb,TFT,,,1 Gb qədər,Bəli,microSD,5 Mp qədər,,,,,MicroUSB,,,3000 qədər,2G,,,Çin,Çin,,Göy,Plastik,119.0,83.0,14.2,51,39.0
INOI,Mobil telefon,,Monoblok,Mini-SIM,1.8,,160 x 128,,,,,,Bəli,,,,,,2.1,MicroUSB,Xeyr,,3000 qədər,2G,Fənər,2018.0,Çin,Rusiya,Smartfon,Qara,Plastik,104.0,67.0,12.2,46.2,39.9
Nokia,Mobil telefon,Nokia 200,Monoblok,Micro-SIM,2.4,,320 x 240,10 Mb,TFT,,,1 Gb qədər,Bəli,microSD,5 Mp qədər,2,,,2.1,,Xeyr,Toza davamlı,3000 qədər,2G,,,,Finlandiya,,Qara,Plastik,115.4,,14.0,61.1,122.0
INOI,Mobil telefon,,Monoblok,Mini-SIM,1.8,,160 x 128,,TN,,,,Bəli,microSD,,,,,4.0,MicroUSB,Xeyr,,3000 qədər,2G,Fənər,2020.0,Çin,Rusiya,,Qara,Plastik,115.0,79.0,14.0,53,46.55
Itel,Mobil telefon,Itel IT5626 DS,Monoblok,,2.8,,240 x 320,,,,,,Bəli,microSD,5 Mp qədər,0.3,,,2.1,MicroUSB,Xeyr,,3000 qədər,2G,Fənər,,Çin,Çin,SmartfonZəmanət kartıTəlimat,Yaşıl,Plastik,140.0,85.0,13.0,59,90.16
Kgtel,Mobil telefon,Kgtel K5606,Monoblok,Mini-SIM,1.77,1 Gb qədər,128 x 160,32 Mb,TFT,,,1 Gb qədər,Bəli,microSD,5 Mp qədər,0.8,,,,MicroUSB,Xeyr,,3000 qədər,2G,,2020.0,Çin,Çin,SmartfonAkkumulyatorAdapterTəlimatZəmanət kartı,Göy,Plastik,,,,,37.0
Vertex,Mobil telefon,,Monoblok,,1.77,,160 x 128,,,,,,Bəli,microSD,,,,,2.0,,,,,2G,Fənər,,Çin,,,Qara,Plastik,,,,,45.0
Itel,Mobil telefon,Itel IT5026 DS,Monoblok,,2.4,,240 x 320,,,,,,Bəli,microSD,5 Mp qədər,0.3,,,2.1,MicroUSB,Xeyr,,3000 qədər,2G,Fənər,,Çin,Çin,SmartfonZəmanət kartıTəlimat,Qara,Plastik,131.0,85.0,12.0,55,44.0
F+,Mobil telefon,,Monoblok,Micro-SIM,2.4,,320 x 240,,,,,,Bəli,microSD,,,,,,MicroUSB,Xeyr,,3000 qədər,2G,Fənər,,Çin,Çin,,Qara,Plastik,126.5,85.0,12.8,53.5,59.0
Nobby,Mobil telefon,Nobby 310,Monoblok,Micro-SIM,2.4,1 Gb qədər,240 x 320,32 Mb,TFT,,,1 Gb qədər,Bəli,microSD,5 Mp qədər,0.8,,Bəli,2.1,MicroUSB,,,3000 qədər,3G,3G,,Çin,Çin,,Qara,Plastik,133.0,65.0,13.9,56.5,66.75
SQ,Mobil telefon,SQ 5310,Monoblok,,,,,,,,,,Bəli,,,,,,,,Xeyr,,,,,,Çin,Çin,SmartfonTəlimat,Ağ,Plastik,,,,,89.0
SQ,Mobil telefon,SQ 2019s,Monoblok,,,,,,,,,,,,,,,,,,Xeyr,,6000 və yuxarı,,Fənər,2019.0,Çin,Çin,Smartfon,Qara,,,,,,85.0
SQ,Mobil telefon,SQ SQ1801,Açılan,Micro-SIM,,,,,,,,,,,,,,,,,Xeyr,,,,,,Çin,Çin,,Qara,,,,,,36.4
Nokia,Mobil telefon,Nokia 5310,Monoblok,Mini-SIM,2.4,1 Gb qədər,320х240,,TN,,1.0,1 Gb qədər,Bəli,microSD,5 Mp qədər,0.3,,,3.0,MicroUSB,Xeyr,Toza davamlı,3000 qədər,2G,Fənər,2020.0,Vyetnam,Finlandiya,SmartfonAdapterTəlimatZəmanət kartı,AğQırmızı,Plastik,123.7,88.0,13.1,52.4,109.0
SQ,Mobil telefon,SQ 92,Monoblok,Mini-SIM,1.77,,160 x 128,16 Mb,LCD,,,1 Gb qədər,Bəli,,5 Mp qədər,1.3,,,,,Xeyr,,6000 və yuxarı,2G,,,Çin,Çin,SmartfonTəlimat,Qara,Plastik,118.0,90.0,18,54.0,59.0
Nokia,Mobil telefon,Nokia 225,Monoblok,Nano-SIM,2.4,1 Gb qədər,320 x 240,64 Mb,TN,,1.0,1 Gb qədər,Bəli,microSD,5 Mp qədər,0.3,,,5.0,MicroUSB,Xeyr,,3000 qədər,3GLTE,Fənər,2020.0,Vyetnam,Finlandiya,SmartfonAdapterZəmanət kartıTəlimat,Göy,Plastik,124.7,90.0,13.7,51.0,109.0
SQ,Mobil telefon,SQ 7700S,Monoblok,,,,,,TFT,,,,Bəli,,,,,,,,Xeyr,,6000 və yuxarı,,,,Çin,Çin,SmartfonTəlimat,Qara,Plastik,,,,,59.0
Itel,Mobil telefon,Itel IT2163,Monoblok,Mini-SIM,1.77,1 Gb qədər,160 x 128,32 Mb,TFT,,,1 Gb qədər,Bəli,microSD,,,,Xeyr,2.1,MicroUSB,Xeyr,,3000 qədər,2G,Fənər,,Çin,Çin,,Qara,Plastik,114.0,75.7,14.3,49.0,29.0
F+,Mobil telefon,F+ B,Monoblok,Mini-SIM,2.4,1 Gb qədər,320 x 240,32 Mb,TFT,,,1 Gb qədər,Bəli,microSD,5 Mp qədər,0.1,,,,MicroUSB,Xeyr,,3000 qədər,2G,Fənər,,Çin,Rusiya,SmartfonBatareyaAdapterZəmanət kartıTəlimat,Boz,PlastikMetal,126.0,95.0,11.4,53.0,78.21
Nokia,Mobil telefon,Nokia 230,Monoblok,Mini-SIM,2.8,1 Gb qədər,320 x 240,32 Mb,TFT,,1.0,1 Gb qədər,Bəli,microSD,5 Mp qədər,2,5 Mp qədər,,3.0,MicroUSB,Xeyr,,3000 qədər,2G,Fənər,2015.0,Vyetnam,,,Ağ,AlüminiumPlastik,124.6,92.0,10.9,53.4,139.0
Kgtel,Mobil telefon,Kgtel kt110,Monoblok,Micro-SIM,,,,,,,,,Bəli,microSD,,,,,5.0,,,Zərbəyə davamlı,3000 qədər,,,,BƏƏ,,SmartfonTəlimat,Qara,,114.4,,18.5,50.2,59.5
Hope,Mobil telefon,Hope K35,Monoblok,,,,,,,,,,Bəli,,,,,,,,Xeyr,,3000 qədər,,,,Çin,Çin,SmartfonTəlimat,Qara,Plastik,,,,,65.0
Kgtel,Mobil telefon,Kgtel KT5625,Monoblok,Mini-SIM,1.77,1 Gb qədər,128 x 160,32 Mb,TFT,,,1 Gb qədər,Bəli,microSD,5 Mp qədər,3,,,,MicroUSB,Xeyr,,3000 qədər,2G,,,Çin,Çin,SmartfonAkkumulyatorAdapterTəlimatZəmanət kartı,Qızılı,Plastik,,,,,47.0
Nokia,Mobil telefon,Nokia 110,Monoblok,Nano-SIM,1.8,1 Gb qədər,320 x 240,128 Mb,TFT,Unisoc T107,,1 Gb qədər,Bəli,microSD,5 Mp qədər,0.8,,,,MicroUSB,Xeyr,,3000 qədər,LTE3G2G,Fənər,2021.0,Çin,Finlandiya,SmartfonAdapterZəmanət kartıTəlimat,Qara,Plastik,121.0,85.0,14.5,50.0,96.59
Nokia,Mobil telefon,Nokia 210,Monoblok,Mini-SIM,2.4,,320 x 240,16 Mb,TFT,,,1 Gb qədər,Bəli,microSD,5 Mp qədər,0.3,,,3.0,MicroUSB,Xeyr,,3000 qədər,2G,Fənər,2019.0,Çin,,,Qara,Plastik,120.8,82.0,13.8,53.5,89.88
Kgtel,Mobil telefon,Kgtel KG2000,Monoblok,Micro-SIM,,,,,,,,,Bəli,,,,,,,,,Zərbəyə davamlı,3000 qədər,,,,BƏƏ,,SmartfonTəlimat,Qara,,,,,,66.5
Nokia,Mobil telefon,Nokia 105,Monoblok,SIM,1.77,1 Gb qədər,160 x 128,4 Mb,TFT,,,1 Gb qədər,Xeyr,,,,,,,MicroUSB,Xeyr,Toza davamlı,3000 qədər,2G,Fənər,2019.0,Çin,Finlandiya,Təlimat,Qara,Plastik,111.95,73.5,14.4,49.45,96.99
Nobby,Mobil telefon,Nobby 210,Monoblok,Micro-SIM,2.4,1 Gb qədər,240 x 320,32 Mb,TFT,,,1 Gb qədər,Bəli,microSD,5 Mp qədər,0.3,,Bəli,2.1,MicroUSB,,,3000 qədər,3G,3G,,Çin,Çin,,Qara,Plastik,126.7,61.0,13.7,53.5,60.52
KGTEL,Mobil telefon,Kgtel 1202,Monoblok,,,,,,,,,,Bəli,,,,,,,,Xeyr,,3000 qədər,,,,Çin,Çin,SmartfonTəlimat,Qara,Plastik,107.8,66.0,14.3,45.5,39.0
Fly,Mobil telefon,F+ F256,Monoblok,,2.4,,,,TN,,,,Bəli,microSDHC,5 Mp qədər,0.3,,,2.1,MicroUSB,Xeyr,,3000 qədər,2G,,,Çin,Böyük Britaniya,SmartfonZəmanət kartıTəlimat,Qara,Plastik,125.8,75.0,12.5,53.0,58.8
SQ,Mobil telefon,SQ 3310s,Monoblok,,,,,,QVGA,,,,,,,,,,,,,,3000 qədər,,Fənər,,Çin,Çin,Smartfon,Ağ,Metal,,,,,79.0
Itel,Mobil telefon,,Monoblok,Mini-SIM,1.77,,160 x 128,4 Mb,TFT,,,1 Gb qədər,Bəli,microSD,5 Mp qədər,0.8,,,,MicroUSB,Xeyr,,3000 qədər,2G,Fənər,,Çin,Çin,,Qara,Plastik,117.0,,16,50.0,42.0
Kgtel,Mobil telefon,Kgtel KG103,Monoblok,Mini-SIM,1.4,1 Gb qədər,128 x 160,4 Mb,TFT,,,1 Gb qədər,Bəli,microSD,5 Mp qədər,2,,,,MicroUSB,Xeyr,,3000 qədər,2G3G,,,Çin,Çin,SmartfonAkkumulyatorAdapterTəlimatZəmanət kartı,Qara,Plastik,107.0,,15,45.0,40.0
F+,Mobil telefon,F+ S,Monoblok,Mini-SIM,2.8,,320 x 240,32 Mb,TFT,,,1 Gb qədər,Bəli,microSD,5 Mp qədər,0.3,,,2.1,MicroUSB,Xeyr,,3000 qədər,2G,Fənər,,Çin,,,Boz,Plastik,134.5,117.0,9.5,57.0,58.7
Kgtel,Mobil telefon,,Monoblok,,2.8,,,,,MediaTek MT6261D,,,,,,,,,,,,,3000 qədər,,Fənər,,Çin,,,Qara,,137.2,,14,57.8,55.0
KGTEL,Mobil telefon,Kgtel 105,Monoblok,,1.8,,128 x 160,,,,,,Bəli,,,,,,,,Xeyr,,3000 qədər,,,,Çin,Çin,SmartfonTəlimat,Qara,Plastik,,,,,35.0
Nobby,Mobil telefon,Nobby 230,Monoblok,Micro-SIM,2.4,1 Gb qədər,240 x 320,512 Mb,TFT,,,1 Gb qədər,Bəli,microSD,5 Mp qədər,0.3,,Bəli,2.1,MicroUSB,,,3000 qədər,3G,3G,,Çin,Çin,,Qara,Plastik,124.5,,13,51.0,132.61
Kgtel,Mobil telefon,Kgtel KT5607,Monoblok,Mini-SIM,1.77,1 Gb qədər,128 x 160,32 Mb,TFT,,,1 Gb qədər,Bəli,microSD,,,,,,MicroUSB,Xeyr,,3000 qədər,2G,,,Çin,Çin,SmartfonAkkumulyatorAdapterTəlimatZəmanət kartı,Qızılı,Plastik,,,,,70.0
Kgtel,Mobil telefon,Kgtel K5606,Monoblok,Mini-SIM,1.77,1 Gb qədər,128 x 160,32 Mb,TFT,,,1 Gb qədər,Bəli,microSD,5 Mp qədər,0.8,,,,MicroUSB,Xeyr,,3000 qədər,2G,,2020.0,Çin,Çin,SmartfonAkkumulyatorAdapterTəlimatZəmanət kartı,Qızılı,Plastik,,,,,37.0
SQ,Mobil telefon,SQ 9800S,Monoblok,,,,,,,,,,,,,,,,,,Xeyr,,6000 və yuxarı,,Fənər,,Çin,Çin,Smartfon,Qara,,,,,,65.0
Alcatel,Mobil telefon,Alcatel 2019G,Monoblok,Micro-SIM,2.4,,320 x 240,,TN,Spreadtrum SC6531F,1.0,,Bəli,microSD,5 Mp qədər,2,,Xeyr,2.1,MicroUSB,Xeyr,,3000 qədər,2G,Fənər,2019.0,Çin,Fransa,AdapterTəlimat,Boz,Plastik,116.8,80.0,12.5,58.5,57.3
Alcatel,Mobil telefon,Alcatel 2053D,Açılan,Micro-SIM,2.4,1 Gb qədər,320 x 240,4 Mb,,Spreadtrum SC6531E,1.0,1 Gb qədər,Bəli,microSD,5 Mp qədər,0.3,,,2.1,MicroUSB,Xeyr,,3000 qədər,2G,,,Çin,Fransa,SmartfonTəlimatZəmanət kartıAdapter,Qara,Plastik,103.0,89.0,16.9,50.4,58.4
Olmio,Mobil telefon,Olmio F,Açılan,Mini-SIM,2.8,,,32 Mb,TN,,,1 Gb qədər,Bəli,microSD,5 Mp qədər,,,Xeyr,4.0,MicroUSB,Xeyr,,3000 qədər,,,2018.0,Çin,Rusiya,Zəmanət kartıTəlimat,Qara,Plastik,108.0,128.0,14,57.0,140.0
Nokia,Mobil telefon,Nokia 8000,Monoblok,Nano-SIM,2.8,1 Gb qədər,320 x 240,4 Gb,TFT,Qualcomm Snapdragon 210,4.0,4 Gb,Bəli,microSD,5 Mp qədər,2,,Bəli,4.0,MicroUSB,Xeyr,,3000 qədər,LTE3G2G,Fənər,,Çin,Finlandiya,SmartfonAdapterZəmanət kartıTəlimat,Qızılı,Plastik,132.2,110.0,12.4,56.5,235.2
SQ,Mobil telefon,SQ 7700,Monoblok,,,,,,,,,,Bəli,,5 Mp qədər,1.3,,,,,Xeyr,,6000 və yuxarı,,,,Çin,Çin,SmartfonTəlimat,Qara,Plastik,,,,,75.0
Nokia,Mobil telefon,Nokia 2720,Açılan,Nano-SIM,2.8,1 Gb qədər,320 x 240,4 Gb,TFT,,2.0,4 Gb,Bəli,microSDmicroSD,5 Mp qədər,2,,Bəli,4.1,MicroUSB,,,3000 qədər,2G3GLTE,Fənər,2019.0,Vyetnam,,,Qara,Plastik,192.7,118.0,11.6,54.5,225.0
Nokia,Mobil telefon,Nokia 130,Monoblok,Mini-SIM,1.8,,160 x 128,8 Mb,TFT,,1.0,1 Gb qədər,Bəli,microSD,5 Mp qədər,0.3,,Xeyr,3.0,MicroUSB,Xeyr,,3000 qədər,2G,Fənər,2014.0,,,,Qara,Plastik,106.0,67.9,13.9,45.5,79.0
Nokia,Mobil telefon,Nokia 5310,Monoblok,Mini-SIM,2.4,1 Gb qədər,320 x 240,16 Mb,TN,,1.0,1 Gb qədər,Bəli,microSD,5 Mp qədər,0.3,,Xeyr,3.0,MicroUSB,Xeyr,,3000 qədər,2G,Fənər,2020.0,Vyetnam,,,AğQırmızı,Plastik,123.7,88.0,13.1,52.4,139.0
Itel,Mobil telefon,Itel IT5250,Monoblok,Mini-SIM,2.4,64 Mb,320 x 240,64 Mb,TFT,,,1 Gb qədər,Bəli,microSD,5 Mp qədər,0.8,,,2.1,MicroUSB,Xeyr,,3000 qədər,2G,Fənər,,Çin,Çin,,Göy,Plastik,125.0,96.0,11.3,54.0,54.9
Nokia,Mobil telefon,Nokia 6300,Monoblok,Nano-SIM,2.4,,320 x 240,4 Gb,TN,,1.0,4 Gb,Bəli,microSD,5 Mp qədər,0.3,,,4.0,MicroUSB,Xeyr,,3000 qədər,2G3GLTE,Fənər,2020.0,Vyetnam,Finlandiya,SmartfonAdapterZəmanət kartıTəlimat,Firuzəyi,Plastik,131.4,105.0,13.7,53.0,165.0
Samsung,Mobil telefon,Samsung SM-B350E Duos,Monoblok,Mini-SIM,2.4,1 Gb qədər,320 x 240,128 Mb,TFT,,,1 Gb qədər,Bəli,microSD,5 Mp qədər,2,,,2.1,MicroUSB,Xeyr,,3000 qədər,2G,,2015.0,Çin,Cənubi Koreya,SmartfonAkkumulyatorAdapterQulaqlıq,Qara,Plastik,117.5,65.0,11.9,51.3,69.12
Jinga,Mobil telefon,,Monoblok,Mini-SIM,1.77,,160 x 128,32 Mb,TFT,,,1 Gb qədər,Bəli,microSD,,,,,,MicroUSB,Xeyr,Toza davamlı,3000 qədər,2G,,,Çin,Çin,,Qara,Plastik,113.0,41.0,12.2,46.0,59.0
BQ,Mobil telefon,BQ One Power,Monoblok,Mini-SIM,1.77,1 Gb qədər,160 x 128,32 Mb,,,,1 Gb qədər,Bəli,microSD,5 Mp qədər,0.8,,,2.1,MicroUSB,Xeyr,,3000 qədər,2G,Fənər,,Çin,Rusiya,SmartfonAkkumulyatorZəmanət kartıTəlimat,Qara,Plastik,117.5,100.0,15.4,50.25,39.0
Hope,Mobil telefon,Hope SQ,Monoblok,Mini-SIM,2.4,,320 x 240,16 Mb,LCD,,,1 Gb qədər,Bəli,microSD,5 Mp qədər,1.3,,,,MicroUSB,Xeyr,Zərbəyə davamlı,3000-3999,2G,Fənər,,Çin,Çin,SmartfonAkkumulyatorAdapterAntennaZəmanət kartıTəlimat,Qara,Plastik,140.0,150.0,27,64.0,89.0
Fly,Mobil telefon,F+ Flip 2,Açılan,Mini-SIM,2.4,,240 x 320,,TFT,,,,Bəli,,5 Mp qədər,0.3,,,3.0,,Xeyr,,3000 qədər,2G,,,Çin,Böyük Britaniya,SmartfonZəmanət kartıTəlimat,Qırmızı,Plastik,106.3,100.0,15.2,51.5,85.5
Hope,Mobil telefon,Hope S66,Monoblok,Mini-SIM,,,,,,,,,Bəli,microSD,5 Mp qədər,,,,,,Xeyr,,3000 qədər,2G,Fənər,,Çin,Çin,Təlimat,Qara,Plastik,,110.0,,,68.0
Nokia,Mobil telefon,,Monoblok,Nano-SIM,2.4,64 Mb,320 x 240,128 Mb,,Unisoc T117,1.0,1 Gb qədər,Bəli,microSD,5 Mp qədər,0.3,,,5.0,MicroUSB,,,3000 qədər,2G3GLTE,Fənər,2020.0,,,TəlimatAkkumulyatorAdapter,Qara,,124.7,90.1,13.7,51.0,135.0
Nokia,Mobil telefon,,Açılan,Mini-SIM,1.8,,160 x 128,11 Mb,TFT,,1.0,1 Gb qədər,,,,,,,,,,,3000 qədər,2G,,,Çin,Finlandiya,,QaraGöy,Plastik,88.0,78.0,16,44.0,125.0
SQ,Mobil telefon,,Monoblok,SIM,2.4,,320 x 240,,LCD,,,,Bəli,microSD,5 Mp qədər,1.3,,,,MicroUSB,,,6000 və yuxarı,2G,FənərPower Bank,,Çin,Çin,Zəmanət kartıTəlimatSmartfonKabel,Qara,Plastik,140.0,150.0,27,64.0,58.4
Nokia,Mobil telefon,Nokia 8110,Slayder,Nano-SIMMicro-SIM,2.45,1 Gb qədər,320 x 240,4 Gb,QVGA,,2.0,4 Gb,Bəli,microSDmicroSD,5 Mp qədər,2,,Bəli,4.1,MicroUSB,Xeyr,,3000 qədər,3GLTE2G,,2018.0,Çin,,,Sarı,Plastik,133.45,117.0,14.9,49.3,149.0
Nokia,Mobil telefon,Nokia 150,Monoblok,Mini-SIM,2.4,,320 x 240,,TFT,,,,Bəli,microSD,5 Mp qədər,0.3,,,3.0,MicroUSB,Xeyr,,3000 qədər,2G,,2020.0,Vyetnam,,,Yaşıl,Plastik,132.0,91.0,15,50.5,84.0
Nokia,Mobil telefon,Nokia 230,Monoblok,Mini-SIM,2.8,1 Gb qədər,320 x 240,32 Mb,TFT,,1.0,1 Gb qədər,Bəli,microSD,5 Mp qədər,2,5 Mp qədər,Xeyr,3.0,MicroUSB,Xeyr,,3000 qədər,2G,Fənər,2015.0,Vyetnam,,,Ağ,AlüminiumPlastik,124.6,92.0,10.9,53.4,129.0
F+,Mobil telefon,F+ B,Monoblok,Mini-SIM,2.4,1 Gb qədər,320 x 240,32 Mb,TFT,,,1 Gb qədər,Bəli,microSD,5 Mp qədər,0.1,,,,MicroUSB,Xeyr,,3000 qədər,2G,Fənər,,Çin,Rusiya,SmartfonBatareyaAdapterTəlimat,Gümüşü,PlastikMetal,126.0,95.0,11.4,53.0,83.0
Samsung,Mobil telefon,Samsung SM-B360E Duos,Monoblok,Mini-SIM,2.4,64 Mb,320 x 240,,TFT,,,,Bəli,microSD,5 Mp qədər,3.15,,,3.0,,Xeyr,,3000 qədər,2G,,2015.0,Çin,Cənubi Koreya,SmartfonAkkumulyatorAdapterQulaqlıq,Qara,Plastik,117.3,83.0,11.4,49.5,76.7
F+,Mobil telefon,F+ B,Monoblok,SIM,2.4,1 Gb qədər,320 x 240,32 Mb,TFT,,,1 Gb qədər,Bəli,microSD,5 Mp qədər,0.1,,,3.0,MicroUSB,Xeyr,Toza davamlı,3000 qədər,2G,Fənər,2020.0,Çin,Rusiya,Təlimat,Boz,PlastikMetal,126.0,95.0,11.4,53.0,44.99
UleFone,Mobil telefon,Ulefone Armor Mini 2,Monoblok,Mini-SIM,2.4,1 Gb qədər,320 x 240,32 Mb,TFT,MediaTek MT6261D,1.0,1 Gb qədər,Bəli,microSD,5 Mp qədər,0.3,,,2.4,MicroUSB,Xeyr,Suya davamlıToza davamlı,3000 qədər,2G,,2021.0,Çin,Çin,SmartfonAdapterZəmanət kartıTəlimat,Boz,Plastik,138.0,158.0,16.6,62.5,89.77
KGTEL,Mobil telefon,Kgtel 395s,Monoblok,,,,,,,,,,Bəli,,,,,,,,Xeyr,,3000 qədər,,,,Çin,Çin,SmartfonTəlimat,Qara,,,,,,55.0
KGTEL,Mobil telefon,Kgtel 5212,Monoblok,,,,,,,,,,Bəli,,,,,,,,Xeyr,,3000 qədər,,,,Çin,Çin,SmartfonTəlimat,Qara,Plastik,,,,,55.0
Nokia,Mobil telefon,Nokia 6300 DS,Monoblok,Nano-SIM,2.4,4 Gb,320 x 240,512 Mb,TFT,,4.0,1 Gb qədər,Bəli,microSD,5 Mp qədər,,,Bəli,4.0,MicroUSB,Xeyr,Toza davamlı,3000 qədər,2G3GLTE,Fənər,2020.0,Çin,Finlandiya,SmartfonTəlimatAdapter,Ağ,Plastik,131.4,104.7,13.7,53.0,165.0
Itel,Mobil telefon,Itel IT5626,Monoblok,,2.8,,320 x 240,64 Mb,TFT,,,1 Gb qədər,Bəli,microSD,5 Mp qədər,,,,2.1,MicroUSB,Xeyr,,3000 qədər,2G,Fənər,,Çin,Çin,SmartfonTəlimatAdapter,Qara,Plastik,140.0,85.0,13,59.0,60.0
INOI,Mobil telefon,,Monoblok,,1.8,1 Gb qədər,128 x 160,,,SC6553,,,Bəli,microSD,,,,,2.1,MicroUSB,Xeyr,,3000 qədər,2G,,,Çin,Rusiya,,Qara,Plastik,113.5,48.0,13.2,49.6,34.99
Nokia,Mobil telefon,Nokia 216,Monoblok,Mini-SIM,2.4,,320 x 240,16 Mb,TFT,,,1 Gb qədər,Bəli,microSD,5 Mp qədər,0.3,5 Mp qədər,,3.0,MicroUSB,Xeyr,,3000 qədər,2G,Fənər,2016.0,Çin,,,Mavi,Plastik,118.0,83.0,13.5,50.2,89.0
Nokia,Mobil telefon,Nokia 111,Monoblok,Mini-SIM,1.77,,160 x 120,4 Mb,TFT,,,1 Gb qədər,Bəli,microSD,5 Mp qədər,0.3,,,,MicroUSB,Xeyr,,3000 qədər,2G,Fənər,2019.0,Çin,,,Göy,Plastik,115.2,75.0,14.3,49.9,59.0
Itel,Mobil telefon,Itel IT2160,Monoblok,Mini-SIM,1.77,1 Gb qədər,160 x 128,4 Mb,TFT,,,1 Gb qədər,Bəli,microSD,5 Mp qədər,1.3,,Xeyr,3.0,MicroUSB,Xeyr,,3000 qədər,2G,Fənər,2019.0,Çin,Çin,,Qara,Plastik,112.0,164.0,14.3,48.0,39.0
F+,Mobil telefon,F+ F,Monoblok,Mini-SIM,1.77,,160 x 128,32 Mb,TN,,,1 Gb qədər,Bəli,microSD,,,,,2.1,MicroUSB,Xeyr,,3000 qədər,2G,Fənər,,Çin,,SmartfonAdapter,Qara,Plastik,113.5,62.0,12.3,,29.9
Philips,Mobil telefon,Philips Xenium,Monoblok,SIM,2.4,,320 x 240,,TFT,,,,Bəli,microSD,5 Mp qədər,0.3,,,2.1,MicroUSB,Xeyr,,3000 qədər,2G,Fənər,,Çin,Niderland,TəlimatAkkumulyatorAdapterSmartfon,Qırmızı,,120.0,100.0,14,51.0,79.0
Geecoo,Mobil telefon,,,Nano-SIMMicro-SIM,2.4,1 Gb qədər,320 x 240,,IPS,,1.0,,Bəli,microSD,5 Mp qədər,,,,5.0,,Xeyr,,3000 qədər,2G,Fənər,2019.0,Çin,Çin,,Bənövşəyi,,,,,,79.0
Geecoo,Mobil telefon,,Monoblok,Nano-SIMMicro-SIM,2.4,1 Gb qədər,640 x 360,256 Mb,IPS,,,1 Gb qədər,,,5 Mp qədər,,,,,,Xeyr,,3000 qədər,,Fənər,,Çin,Çin,,Göy,,,,,,78.4
Fly,Mobil telefon,,Monoblok,,2.8,1 Gb qədər,320 x 240,,TN,,,,,microSD,5 Mp qədər,0.8,,,,MicroUSB,Xeyr,,3000 qədər,2G,Zərbəyə davamlı korpus,,Çin,Böyük Britaniya,,Boz,Plastik,134.0,128.0,13,57.0,85.5
Hope,Mobil telefon,Hope K19,Monoblok,,2.4,1 Gb qədər,,,,,,1 Gb qədər,Bəli,,,,,,,MicroUSB,Xeyr,,3000 qədər,2G,,,Çin,Çin,SmartfonTəlimat,Qara,Plastik,,,,,83.9
Hope,Mobil telefon,Hope K21,Monoblok,,,,,,,,,,Bəli,,,,,,,,Xeyr,,3000 qədər,,,,Çin,Çin,SmartfonTəlimat,Qara,Plastik,,,,,95.0
Siccoo,Mobil telefon,Siccoo S6700,Slayder,SIM,2.0,,,,,,,,Bəli,microSD,,,,,,,Xeyr,,3000 qədər,2G,,,Çin,Çin,TəlimatAdapter,Qızılı,Plastik,,,,,85.0
Nokia,Mobil telefon,Nokia 105,Monoblok,Mini-SIM,1.8,1 Gb qədər,160 x 120,4 Mb,TFT,,,1 Gb qədər,Xeyr,Yoxdur,,,,,,MicroUSB,Xeyr,Toza davamlı,3000 qədər,2G,Fənər,2019.0,Çin,Finlandiya,SmartfonTəlimatAdapter,Mavi,Plastik,112.0,73.0,14.4,49.5,51.1
Itel,Mobil telefon,Itel IT2320 DS,Monoblok,Mini-SIM,1.77,,160 x 128,32 Mb,TN,,,1 Gb qədər,Bəli,microSD,5 Mp qədər,,,,2.1,MicroUSB,Xeyr,,3000 qədər,2G,Fənər,,Çin,Çin,SmartfonTəlimatAdapter,Ağ,Plastik,119.5,95.0,13.9,51.0,31.8
Philips,Mobil telefon,Philips Xenium,Monoblok,SIM,2.4,,320 x 240,,TFT,,,,Bəli,microSD,5 Mp qədər,0.3,,,2.1,MicroUSB,Xeyr,,3000 qədər,2G,Fənər,,Çin,Niderland,TəlimatAkkumulyatorAdapterSmartfon,Qırmızı,,120.0,100.0,14,51.0,79.0
Geecoo,Mobil telefon,,,Nano-SIMMicro-SIM,2.4,1 Gb qədər,320 x 240,,IPS,,1.0,,Bəli,microSD,5 Mp qədər,,,,5.0,,Xeyr,,3000 qədər,2G,Fənər,2019.0,Çin,Çin,,Bənövşəyi,,,,,,79.0
Geecoo,Mobil telefon,,Monoblok,Nano-SIMMicro-SIM,2.4,1 Gb qədər,640 x 360,256 Mb,IPS,,,1 Gb qədər,,,5 Mp qədər,,,,,,Xeyr,,3000 qədər,,Fənər,,Çin,Çin,,Göy,,,,,,78.4
Elari,Mobil telefon,Elari NanoPhone,Monoblok,Micro-SIM,1.1,,64 x 128,32 Mb,OLED,,,1 Gb qədər,Bəli,microSD,,,,,3.0,,Xeyr,,3000 qədər,2G,,,Çin,,,Boz,Metal,92.0,32.0,6,34.0,119.0
Nokia,Mobil telefon,Nokia 216,Monoblok,Nano-SIM,2.4,1 Gb qədər,320 x 240,,TFT,,1.0,,Bəli,microSD,5 Mp qədər,0.3,,,3.0,MicroUSB,Xeyr,,3000 qədər,2G,Fənər,2016.0,Çin,Finlandiya,SmartfonAdapterZəmanət kartıTəlimat,Qara,Plastik,118.0,91.0,13.5,50.2,140.0
Nokia,Mobil telefon,Nokia 8000,Monoblok,Nano-SIM,2.8,1 Gb qədər,320 x 240,4 Gb,TFT,,,4 Gb,Xeyr,,5 Mp qədər,2,,,,MicroUSB,Xeyr,,3000 qədər,2G3GLTE,Fənər,2020.0,Vyetnam,Finlandiya,SmartfonAdapterZəmanət kartıTəlimat,Ağ,Plastik,132.2,110.2,12.34,56.5,247.0
Nokia,Mobil telefon,Nokia 6300,Monoblok,Nano-SIM,2.4,4 Gb,320 x 240,4 Gb,TN,,4.0,4 Gb,Bəli,microSD,5 Mp qədər,0.3,,Bəli,4.0,MicroUSB,Xeyr,Toza davamlı,3000 qədər,2G3GLTE,Fənər,2020.0,Vyetnam,Finlandiya,Təlimat,Firuzəyi,Plastik,113.9,104.14,13.7,53.0,159.99
Nokia,Mobil telefon,Nokia 105,Monoblok,Mini-SIM,1.77,1 Gb qədər,160 x 128,4 Mb,TFT,,,1 Gb qədər,Xeyr,,,,,,,MicroUSB,Xeyr,,3000 qədər,2G,Fənər,2019.0,Vyetnam,Finlandiya,,Göy,Plastik,119.0,74.0,14.4,49.2,59.0
Nokia,Mobil telefon,Nokia 216,Monoblok,Nano-SIM,2.4,1 Gb qədər,320 x 240,,TFT,,1.0,,Bəli,microSD,5 Mp qədər,0.3,,,3.0,MicroUSB,Xeyr,,3000 qədər,2G,Fənər,2016.0,Çin,Finlandiya,SmartfonAdapterZəmanət kartıTəlimat,Qara,Plastik,118.0,91.0,13.5,50.2,140.0
Nokia,Mobil telefon,Nokia 8000,Monoblok,Nano-SIM,2.8,1 Gb qədər,320 x 240,4 Gb,TFT,,,4 Gb,Xeyr,,5 Mp qədər,2,,,,MicroUSB,Xeyr,,3000 qədər,2G3GLTE,Fənər,2020.0,Vyetnam,Finlandiya,SmartfonAdapterZəmanət kartıTəlimat,Ağ,Plastik,132.2,110.2,12.34,56.5,247.0
INOI,Mobil telefon,INOI 246Z,Monoblok,,2.4,,240 x 320,,TN,,,,Bəli,,5 Mp qədər,0.1,,,2.1,MicroUSB,Xeyr,,4000-4999,2G3G,,2019.0,Çin,Çin,SmartfonTəlimat,Qara,PlastikMetal,143.0,135.0,28.5,63.5,65.0
Nokia,Mobil telefon,Nokia 5310,Monoblok,Mini-SIM,2.4,1 Gb qədər,320 x 240,16 Mb,TFT,MediaTek MT6260A,,1 Gb qədər,Bəli,microSD,5 Mp qədər,2,,,,MicroUSB,Xeyr,Toza davamlı,3000 qədər,2G,,,,Finlandiya,,Qara,Plastik,123.7,88.8,13.1,52.4,115.0
Olmio,Mobil telefon,,Monoblok,Micro-SIM,2.4,,320 x 240,32 Mb,TFT,,,1 Gb qədər,Bəli,microSD,5 Mp qədər,1.3,,,2.1,,Xeyr,Toza davamlı,3000 qədər,2G,,,Çin,Çin,,Qara,MetalPlastik,133.0,139.0,14.5,61.0,179.0
INOI,Mobil telefon,INOI 246Z,Monoblok,,2.4,,240 x 320,,TN,,,,Bəli,,5 Mp qədər,0.1,,,2.1,MicroUSB,Xeyr,,4000-4999,2G3G,,2019.0,Çin,Çin,SmartfonTəlimat,Qara,PlastikMetal,143.0,135.0,28.5,63.5,65.0
INOI,Mobil telefon,,Monoblok,,1.8,,128 x 160,64 Mb,,SC6553,,1 Gb qədər,Bəli,microSD,,,,,,MicroUSB,Xeyr,,3000 qədər,2G,,2018.0,Çin,Rusiya,,Qara,Plastik,104.0,67.0,12.2,46.2,32.99
,Mobil telefon,XBOSS BM5310,Monoblok,Nano-SIM,1.33,1 Gb qədər,,,,,,,Bəli,microSD,5 Mp qədər,0.3,,,,,Xeyr,,3000 qədər,2G,Fənər,,Çin,Çin,Zəmanət kartıTəlimatSmartfon,Qara,Plastik,82.5,36.0,12.4,36.5,74.0
Siccoo,Mobil telefon,Siccoo S6700,Slayder,SIM,2.0,,,,,,,,Bəli,microSD,,,,,,,Xeyr,,3000 qədər,2G,,,Çin,Çin,TəlimatAdapter,Qara,Plastik,,,,,75.0
Nokia,Mobil telefon,Nokia 105,Monoblok,SIM,1.77,,160х128,4 Mb,TFT,,,1 Gb qədər,,,,,,,,MicroUSB,,,3000 qədər,2G,,2019.0,Çin,,,Çəhrayı,Plastik,119.0,74.0,14.4,49.2,69.0
Nokia,Mobil telefon,Nokia 216,Monoblok,Mini-SIM,2.4,1 Gb qədər,320 x 240,,TFT,,,,Bəli,microSDmicroSD,5 Mp qədər,0.3,5 Mp qədər,,3.0,MicroUSB,Xeyr,,3000 qədər,2G,Fənər,2016.0,Finlandiya,,,Qara,Plastik,118.0,82.6,13.5,50.2,105.0
F+,Mobil telefon,F+ Flip,Açılan,Micro-SIM,2.8,,320 x 240,32 Mb,TFT,,,1 Gb qədər,Bəli,,5 Mp qədər,0.3,,,3.0,MicroUSB,Xeyr,,3000 qədər,2G,Fənər,,Çin,,,Göy,Plastik,106.5,115.0,15.5,,95.0
Itel,Mobil telefon,Itel IT2163,Monoblok,Mini-SIM,1.77,,160 x 128,,TFT,,,,Bəli,microSD,,,,,2.1,MicroUSB,Xeyr,,3000 qədər,2G,Fənər,,Çin,Çin,,Qara,Plastik,114.0,75.7,14.3,49,34.5
F+,Mobil telefon,F+ Flip,Açılan,Micro-SIM,2.8,1 Gb qədər,320 x 240,32 Mb,QVGA,,,1 Gb qədər,Bəli,microSD,5 Mp qədər,0.3,,,3.0,MicroUSB,Xeyr,,3000 qədər,2G,Fənər,,Çin,Rusiya,SmartfonBatareyaAdapterTəlimat,Qara,Plastik,106.5,115.0,15.5,55.5,63.7
Nokia,Mobil telefon,Nokia 515,Monoblok,Micro-SIM,2.4,,320 x 240,,TFT,,,,Bəli,microSD,5 Mp qədər,5,,,,,Xeyr,Toza davamlı,3000 qədər,2G3G,,,,Finlandiya,,Qara,Plastik,114.0,102.7,11.0,48,149.0
Fly,Mobil telefon,F+ Flip 2,Açılan,Mini-SIM,2.4,1 Gb qədər,320 x 240,32 Mb,TN,,,1 Gb qədər,Bəli,,5 Mp qədər,0.1,,,3.0,MicroUSB,Xeyr,,3000 qədər,2G,,,Çin,Böyük Britaniya,SmartfonTəlimat,Qara,Plastik,106.0,100.0,15.0,51,68.0
Fly,Mobil telefon,,Monoblok,,3.5,,480 x 320,32 Mb,,,,1 Gb qədər,,,5 Mp qədər,0.3,,,,MicroUSB,Xeyr,,3000 qədər,,Zərbəyə davamlı korpus,,Çin,Böyük Britaniya,,Boz,Metal,149.0,126.0,10.8,64.4,89.0
Siccoo,Mobil telefon,Siccoo S6700,Slayder,SIM,2.0,,,,,,,,Bəli,microSD,,,,,,,Xeyr,,3000 qədər,2G,,,Çin,Çin,TəlimatAdapter,Qara,Plastik,,,,,75.0
INOI,Mobil telefon,INOI 106Z,Monoblok,Micro-SIM,1.8,,320 x 240,32 Mb,,Spreadtrum SC6531,1.0,1 Gb qədər,Bəli,microSDmicroSDHCmicroSDXC,,,,,,MicroUSB,Xeyr,Zərbəyə davamlı,3000 qədər,2G,Fənər,2019.0,Çin,Çin,SmartfonTəlimatKabel,Qara,PlastikMetal,114.0,120.0,18.0,51,39.19
Nokia,Mobil telefon,Nokia 2720,Açılan,Nano-SIM,2.8,1 Gb qədər,320 x 240,,TFT,,2.0,4 Gb,Bəli,microSD,5 Mp qədər,2,,Bəli,4.2,MicroUSB,Xeyr,,3000 qədər,LTE,Fənər,2019.0,Vyetnam,Finlandiya,SmartfonQulaqlıqAdapterZəmanət kartıTəlimat,Qara,Plastik,192.7,118.0,11.6,54.5,214.77
Nokia,Mobil telefon,Nokia 210,Monoblok,Nano-SIM,2.4,1 Gb qədər,320 x 240,,TFT,,1.0,,Bəli,microSD,5 Mp qədər,0.3,,,3.0,MicroUSB,Xeyr,,3000 qədər,2G,Fənər,2019.0,Çin,Finlandiya,SmartfonAdapterZəmanət kartıTəlimat,Qara,Plastik,120.8,99.5,13.81,53.49,94.32
Hope,Mobil telefon,Hope SQ,Monoblok,Mini-SIM,2.8,,320 x 240,64 Mb,LCD,,,1 Gb qədər,Bəli,microSD,5 Mp qədər,1.3,,,,MicroUSB,Xeyr,,,2G,,,Çin,Çin,SmartfonAkkumulyatorAdapterÇexol,Narıncı,Metal,139.1,90.0,7.4,56,81.25
Nokia,Mobil telefon,Nokia 150,Monoblok,SIM,2.4,1 Gb qədər,320 x 240,4 Mb,TFT,,,1 Gb qədər,Bəli,microSD,5 Mp qədər,0.3,,,3.0,MicroUSB,Xeyr,Toza davamlı,3000 qədər,2G,Fənər,2020.0,Vyetnam,Finlandiya,Təlimat,Qara,Plastik,132.0,90.53,15.0,50.5,89.99
Hope,Mobil telefon,Hope S23,Monoblok,,2.4,1 Gb qədər,,256 Mb,,,,1 Gb qədər,,,5 Mp qədər,,,,,,Xeyr,,3000 qədər,,Zərbəyə davamlı korpusToza qarşı müdafiə,,Çin,Çin,,Qara,PlastikRezin,126.0,110.0,20.0,60,65.0
SQ,Mobil telefon,SQ 58,Monoblok,,2.8,,,,,,,,,,,,,,,,,,,,Fənər,,Çin,Çin,Smartfon,Qara,,,,,,85.0
Siccoo,Mobil telefon,Siccoo S6700,Slayder,,1.6,,,,,,,,,,,,,,,,Xeyr,,,2G,Fənər,,Çin,Çin,Smartfon,Yaşıl,,,,,,85.0
Nokia,Mobil telefon,Nokia 2720,Açılan,Nano-SIM,2.8,1 Gb qədər,320 x 240,,TFT,,2.0,4 Gb,Bəli,microSD,5 Mp qədər,2,,Bəli,4.2,MicroUSB,Xeyr,,3000 qədər,LTE,Fənər,2019.0,Vyetnam,Finlandiya,SmartfonQulaqlıqAdapterZəmanət kartıTəlimat,Qara,Plastik,192.7,118.0,11.6,54.5,214.77
Nokia,Mobil telefon,Nokia 210,Monoblok,Nano-SIM,2.4,1 Gb qədər,320 x 240,,TFT,,1.0,,Bəli,microSD,5 Mp qədər,0.3,,,3.0,MicroUSB,Xeyr,,3000 qədər,2G,Fənər,2019.0,Çin,Finlandiya,SmartfonAdapterZəmanət kartıTəlimat,Qara,Plastik,120.8,99.5,13.81,53.49,94.32
Hope,Mobil telefon,Hope SQ,Monoblok,Mini-SIM,2.8,,320 x 240,64 Mb,LCD,,,1 Gb qədər,Bəli,microSD,5 Mp qədər,1.3,,,,MicroUSB,Xeyr,,,2G,,,Çin,Çin,SmartfonAkkumulyatorAdapterÇexol,Narıncı,Metal,139.1,90.0,7.4,56,81.25
Nokia,Mobil telefon,Nokia 150,Monoblok,SIM,2.4,1 Gb qədər,320 x 240,4 Mb,TFT,,,1 Gb qədər,Bəli,microSD,5 Mp qədər,0.3,,,3.0,MicroUSB,Xeyr,Toza davamlı,3000 qədər,2G,Fənər,2020.0,Vyetnam,Finlandiya,Təlimat,Qara,Plastik,132.0,90.53,15.0,50.5,89.99
Elari,Mobil telefon,Elari NanoPhone,Monoblok,Micro-SIM,1.1,,64 x 128,32 Mb,OLED,,,1 Gb qədər,Bəli,microSD,,,,,3.0,,Xeyr,,3000 qədər,2G,,,Çin,,,Qızılı,Metal,92.0,32.0,6.0,34,125.8
Nokia,Mobil telefon,Nokia 8110,Slayder,Micro-SIMNano-SIM,2.4,1 Gb qədər,320 x 240,4 Gb,TFT,,2.0,4 Gb,Bəli,microSD,5 Mp qədər,2,,Bəli,4.1,MicroUSB,Xeyr,,3000 qədər,2G3GLTE,Fənər,2018.0,Çin,,,Sarı,PlastikŞüşə,133.5,117.0,14.9,49.3,149.0
Siccoo,Mobil telefon,Siccoo S6700,Slayder,SIM,2.0,,,,,,,,Bəli,microSD,,,,,,,Xeyr,,3000 qədər,2G,,,Çin,Çin,TəlimatAdapter,Qırmızı,Plastik,,,,,79.9
Itel,Mobil telefon,Itel IT2320 DS,Monoblok,Mini-SIM,1.77,,160 x 128,32 Mb,TN,,,1 Gb qədər,Bəli,microSD,5 Mp qədər,,,,2.1,MicroUSB,Xeyr,,3000 qədər,2G,Fənər,,Çin,Çin,SmartfonTəlimatAdapter,Qara,Plastik,119.5,95.0,13.9,51,31.8
Itel,Mobil telefon,Itel IT5026 DS,Monoblok,Mini-SIM,2.4,,320 x 240,,TN,,,1 Gb qədər,Bəli,microSD,5 Mp qədər,,,,2.1,MicroUSB,Xeyr,,3000 qədər,2G,Fənər,,Çin,Çin,SmartfonTəlimatAdapter,Qara,Plastik,131.5,85.0,12.0,55,29.5
Nokia,Mobil telefon,Nokia 3310 DS,Monoblok,Micro-SIM,2.4,,320 x 240,16 Mb,TFT,,,1 Gb qədər,Bəli,,5 Mp qədər,,,Xeyr,3.0,MicroUSB,Xeyr,Toza davamlı,3000 qədər,2G,Fənər,2017.0,Çin,Finlandiya,SmartfonTəlimatAdapter,Qırmızı,Plastik,115.6,85.0,12.8,51,169.0
Hope,Mobil telefon,Hope SQ,Monoblok,Mini-SIM,2.4,,320 x 240,16 Mb,LCD,,,1 Gb qədər,Bəli,microSD,,1.3,,,,MicroUSB,Xeyr,,,2G,FənərPower Bank,,Çin,Çin,SmartfonAkkumulyatorAdapterAntennaÇexol,Qara,Plastik,140.0,150.0,27.0,64,85.0
INOI,Mobil telefon,,Monoblok,,1.77,1 Gb qədər,128 x 160,64 Mb,,Spreadtrum SC6553G,,1 Gb qədər,Bəli,microSD,5 Mp qədər,,,,,MicroUSB,Xeyr,,3000 qədər,2G,,,Çin,Rusiya,,Qara,Plastik,118.3,52.0,14.1,47.6,34.19
INOI,Mobil telefon,,Monoblok,,1.8,1 Gb qədər,128 x 160,32 Mb,,Spreadtrum SC6531E,,1 Gb qədər,Bəli,microSD,5 Mp qədər,,,,2.1,MicroUSB,Xeyr,,3000 qədər,2G,,,Çin,Rusiya,,Qara,Plastik,108.0,81.0,15.6,46.5,37.99
Nokia,Mobil telefon,Nokia 216,Monoblok,Mini-SIM,2.4,,320 x 240,,TFT,,,1 Gb qədər,Bəli,microSD,5 Mp qədər,0.3,5 Mp qədər,,3.0,MicroUSB,Xeyr,,3000 qədər,2G,Fənər,2016.0,Çin,,,Qara,Plastik,118.0,83.0,13.5,50.2,89.0
Nokia,Mobil telefon,Nokia 210,Monoblok,Mini-SIM,2.4,,320 x 240,16 Mb,TFT,,,1 Gb qədər,Bəli,microSD,5 Mp qədər,0.3,,,3.0,MicroUSB,Xeyr,,3000 qədər,2G,Fənər,2019.0,Çin,,,Boz,Plastik,120.8,82.0,13.8,53.5,79.0
F+,Mobil telefon,F+ F,Monoblok,Mini-SIM,1.77,,160 x 128,32 Mb,TFT,,,1 Gb qədər,Bəli,microSD,,,,,2.1,MicroUSB,Xeyr,,3000 qədər,2G,Fənər,,Çin,,,Qara,Plastik,114.2,71.0,14.2,47.8,29.0
Itel,Mobil telefon,Itel IT4510,Monoblok,Mini-SIM,2.4,1 Gb qədər,320 x 240,,TFT,,,1 Gb qədər,Bəli,microSD,5 Mp qədər,0.8,,,2.1,MicroUSB,Xeyr,Zərbəyə davamlı,3000 qədər,2G,FənərZərbəyə davamlı korpus,,Çin,Çin,,Qara,Plastik,136.0,268.0,14.4,60,59.9
Nokia,Mobil telefon,Nokia 216,Monoblok,Mini-SIM,2.4,,320 x 240,,TFT,,,1 Gb qədər,Bəli,microSD,5 Mp qədər,0.3,5 Mp qədər,,3.0,MicroUSB,Xeyr,,3000 qədər,2G,Fənər,2016.0,Çin,,,Qara,Plastik,118.0,83.0,13.5,50.2,89.0
Nokia,Mobil telefon,Nokia 210,Monoblok,Mini-SIM,2.4,,320 x 240,16 Mb,TFT,,,1 Gb qədər,Bəli,microSD,5 Mp qədər,0.3,,,3.0,MicroUSB,Xeyr,,3000 qədər,2G,Fənər,2019.0,Çin,,,Boz,Plastik,120.8,82.0,13.8,53.5,79.0
F+,Mobil telefon,F+ F,Monoblok,Mini-SIM,1.77,,160 x 128,32 Mb,TFT,,,1 Gb qədər,Bəli,microSD,,,,,2.1,MicroUSB,Xeyr,,3000 qədər,2G,Fənər,,Çin,,,Qara,Plastik,114.2,71.0,14.2,47.8,29.0
Itel,Mobil telefon,Itel IT4510,Monoblok,Mini-SIM,2.4,1 Gb qədər,320 x 240,,TFT,,,1 Gb qədər,Bəli,microSD,5 Mp qədər,0.8,,,2.1,MicroUSB,Xeyr,Zərbəyə davamlı,3000 qədər,2G,FənərZərbəyə davamlı korpus,,Çin,Çin,,Qara,Plastik,136.0,268.0,14.4,60,59.9
Hope,Mobil telefon,Hope SQ,Monoblok,Mini-SIM,2.4,,320 x 240,16 Mb,LCD,,,1 Gb qədər,Bəli,microSD,5 Mp qədər,1.3,,,,MicroUSB,Xeyr,,,2G,Fənər,,Çin,Çin,SmartfonAkkumulyatorAdapter,Qara,Plastik,128.0,90.0,16.0,55,74.25
Hope,Mobil telefon,Hope SQ,Monoblok,Mini-SIM,2.4,,320 x 240,16 Mb,LCD,,,1 Gb qədər,Bəli,microSD,,1.3,,,,MicroUSB,Xeyr,,,2G,FənərPower Bank,,Çin,Çin,SmartfonAkkumulyatorAdapterAntennaÇexol,Qara,Plastik,140.0,150.0,27.0,64,85.0
INOI,Mobil telefon,,Monoblok,,1.77,1 Gb qədər,128 x 160,64 Mb,,Spreadtrum SC6553G,,1 Gb qədər,Bəli,microSD,5 Mp qədər,,,,,MicroUSB,Xeyr,,3000 qədər,2G,,,Çin,Rusiya,,Qara,Plastik,118.3,52.0,14.1,47.6,34.19
INOI,Mobil telefon,,Monoblok,,1.8,1 Gb qədər,128 x 160,32 Mb,,Spreadtrum SC6531E,,1 Gb qədər,Bəli,microSD,5 Mp qədər,,,,2.1,MicroUSB,Xeyr,,3000 qədər,2G,,,Çin,Rusiya,,Qara,Plastik,108.0,81.0,15.6,46.5,37.99
Realfone,Mobil telefon,Realfone 1100,Monoblok,,1.44,,,,,,,,,,,,,,5.0,,,,3000 qədər,2G,Fənər,,Çin,Çin,SmartfonTəlimat,Qara,Plastik,,,,,45.0
,Mobil telefon,Servo V9500,Monoblok,Nano-SIMSIM,2.4,1 Gb qədər,,,,,,,Bəli,microSD,,,,,,,Xeyr,,,2G,Fənər,,Çin,Çin,Zəmanət kartıTəlimatSmartfon,Qara,Plastik,119.0,99.0,13.5,50,114.0
Nokia,Mobil telefon,Nokia 3310,Monoblok,Nano-SIM,2.4,1 Gb qədər,320 x 240,,TFT,,1.0,,Bəli,microSD,5 Mp qədər,2,,,3.0,MicroUSB,Xeyr,,3000 qədər,2G,Fənər,2019.0,Vyetnam,Finlandiya,SmartfonAdapterZəmanət kartıTəlimat,Göy,Plastik,115.6,78.0,12.8,51,124.3
Nokia,Mobil telefon,Nokia 150,Monoblok,Mini-SIM,2.4,,320 x 240,,TFT,,1.0,,Bəli,microSDmicroSD,5 Mp qədər,0.3,,Xeyr,3.0,MicroUSB,Xeyr,,3000 qədər,2G,Fənər,2016.0,Çin,,,Ağ,Plastik,118.0,81.0,13.5,52,75.0
Nokia,Mobil telefon,Nokia 8110,Slayder,Micro-SIMNano-SIM,2.4,1 Gb qədər,320 x 240,4 Gb,TFT,,2.0,4 Gb,Bəli,microSD,5 Mp qədər,2,,Bəli,4.1,MicroUSB,Xeyr,,3000 qədər,2G3GLTE,Fənər,2018.0,Çin,,,Qara,PlastikŞüşə,133.5,117.0,14.9,49.3,179.0
Alcatel,Mobil telefon,Alcatel 2003D,Monoblok,Micro-SIM,2.4,1 Gb qədər,320 x 240,4 Mb,,Spreadtrum SC6531E,1.0,1 Gb qədər,Bəli,microSD,5 Mp qədər,0.3,,,2.1,MicroUSB,Xeyr,,3000 qədər,2G,,2020.0,Çin,Fransa,SmartfonTəlimatZəmanət kartıAdapter,Qara,Plastik,118.0,72.0,10.3,49,42.2
INOI,Mobil telefon,INOI 241,Monoblok,Mini-SIM,2.4,,320 x 240,32 Mb,,,,1 Gb qədər,Bəli,microSDmicroSDHCmicroSDXC,5 Mp qədər,,,,4.0,MicroUSB,Xeyr,,3000 qədər,2G,Fənər,2021.0,Çin,Çin,SmartfonTəlimatKabel,Qara,Plastik,121.6,111.0,11.3,49,42.13
Nokia,Mobil telefon,Nokia 302,Monoblok,,2.4,,320 x 240,,TFT,,,,,microSD,5 Mp qədər,3,,Bəli,2.1,,Xeyr,Toza davamlı,3000 qədər,2G3G,,,,Finlandiya,,Boz,PoladPlastik,115.2,106.0,13.5,58.9,129.0
Olmio,Mobil telefon,,Monoblok,Micro-SIM,2.4,,320 x 240,32 Mb,TFT,,,1 Gb qədər,Bəli,microSD,5 Mp qədər,0.3,,,2.1,,Xeyr,Toza davamlı,3000 qədər,2G,,,Çin,Çin,,Qara,Plastik,130.0,120.0,14.5,56,110.0
Nokia,Mobil telefon,Nokia 8110,Slayder,Micro-SIMNano-SIM,2.4,1 Gb qədər,320 x 240,4 Gb,TFT,,2.0,4 Gb,Bəli,microSD,5 Mp qədər,2,,Bəli,4.1,MicroUSB,Xeyr,,3000 qədər,2G3GLTE,Fənər,2018.0,Çin,,,Qara,PlastikŞüşə,133.5,117.0,14.9,49.3,179.0
Nokia,Mobil telefon,Nokia 105,Monoblok,Mini-SIM,1.77,1 Gb qədər,160 x 128,,TFT,MediaTek MT6261D,,,Xeyr,Yoxdur,,,,,,MicroUSB,Xeyr,,3000 qədər,2G,Fənər,,Çin,Finlandiya,SmartfonZəmanət kartıTəlimat,Qara,Plastik,119.0,73.0,14.4,49.2,44.3
Alcatel,Mobil telefon,Alcatel 2003D,Monoblok,Micro-SIM,2.4,1 Gb qədər,320 x 240,4 Mb,,Spreadtrum SC6531E,1.0,1 Gb qədər,Bəli,microSD,5 Mp qədər,0.3,,,2.1,MicroUSB,Xeyr,,3000 qədər,2G,,2020.0,Çin,Fransa,SmartfonTəlimatZəmanət kartıAdapter,Qara,Plastik,118.0,72.0,10.3,49,42.2
INOI,Mobil telefon,INOI 241,Monoblok,Mini-SIM,2.4,,320 x 240,32 Mb,,,,1 Gb qədər,Bəli,microSDmicroSDHCmicroSDXC,5 Mp qədər,,,,4.0,MicroUSB,Xeyr,,3000 qədər,2G,Fənər,2021.0,Çin,Çin,SmartfonTəlimatKabel,Qara,Plastik,121.6,111.0,11.3,49,42.13
